Name,Date,In,Out,In_2,Out_2,OT_IN,OT_Out
jmt001,Mar-4,8:00 AM,12:00 PM,1:00 PM,5:00 PM,,
jmt001,Mar-4,8:00 AM,12:00 PM,1:00 PM,5:00 PM,,
jmt001,Mar-4,8:00 AM,12:00 PM,1:00 PM,5:00 PM,,
jmt001,Mar-5,8:00 AM,12:00 PM,1:00 PM,5:00 PM,,
jmt001,Mar-6,8:00 AM,12:00 PM,1:00 PM,5:00 PM,,
jmt001,Mar-7,8:00 AM,12:00 PM,1:00 PM,5:00 PM,,
jmt001,Mar-8,8:00 AM,12:00 PM,1:00 PM,5:00 PM,,
jmt001,Mar-11,8:00 AM,12:00 PM,1:00 PM,5:00 PM,,
jmt001,Mar-12,8:00 AM,12:00 PM,1:00 PM,5:00 PM,,
jmt001,Mar-13,8:00 AM,12:00 PM,1:00 PM,5:00 PM,,
jmt001,Mar-14,8:00 AM,12:00 PM,1:00 PM,5:00 PM,,
jmt001,Mar-15,8:00 AM,12:00 PM,1:00 PM,5:00 PM,,
jmt001,Mar-16,8:00 AM,12:00 PM,1:00 PM,5:00 PM,,
jmt001,Mar-17,8:00 AM,12:00 PM,1:00 PM,5:00 PM,,
jmt001,Mar-18,8:00 AM,12:00 PM,1:00 PM,5:00 PM,,
jmt001,Mar-19,8:00 AM,12:00 PM,1:00 PM,5:00 PM,,
jmt001,Mar-20,8:00 AM,12:00 PM,1:00 PM,5:00 PM,,
jmt001,Mar-21,8:00 AM,12:00 PM,1:00 PM,5:00 PM,,
jmt001,Mar-22,8:00 AM,12:00 PM,1:00 PM,5:00 PM,,
jmt001,Mar-23,8:00 AM,12:00 PM,1:00 PM,5:00 PM,,
jmt001,Mar-24,8:00 AM,12:00 PM,1:00 PM,5:00 PM,,
jmt001,Mar-25,8:00 AM,12:00 PM,1:00 PM,5:00 PM,,
jmt001,Mar-26,8:00 AM,12:00 PM,1:00 PM,5:00 PM,,
jmt001,Mar-27,8:00 AM,12:00 PM,1:00 PM,5:00 PM,,
jmt001,Mar-28,8:00 AM,12:00 PM,1:00 PM,5:00 PM,,